[
  {
    "id": 1,
    "note": "Lorem ipsum dolor sit amet, consectetur adipiscing elit. Integer tincidunt quis lorem id rhoncus. Sed tristique arcu non sapien consequat commodo. Nulla dolor tellus, molestie nec ipsum at, eleifend bibendum quam. Aenean id tristique enim. Vestibulum consequat placerat magna at elementum. Vivamus rutrum purus sed erat posuere, nec tempor ex faucibus. Ut elementum, leo nec tempus auctor, nunc dui faucibus dolor, a gravida tellus justo vitae erat. Nullam sed nunc in quam fringilla sollicitudin. Nulla leo ipsum, congue ac viverra quis, tincidunt id ipsum. Aliquam a urna sit amet eros finibus tempus. Fusce tincidunt mauris eget interdum porttitor. Nulla sit amet lorem dui. Aliquam sit amet quam et est blandit eleifend eu eu tortor.",
    "created_date": "2017/11/18"
  },
  {
    "id": 2,
    "note": "Aliquam eu leo ligula. Nam eget tortor suscipit, vestibulum augue et, faucibus risus. Nullam maximus, diam at consectetur pulvinar, elit est vestibulum libero.",
    "created_date": "2017/12/28"
  }
]